Workbook

Sheet Read me
A1: Bolt & Burrow — balancing sheet (v0.11)
A2: A planning copy of the numbers in js/config.js. Changing this sheet does NOT change the game:
A3: once you like a number here, copy it into js/config.js.
A5: Colour key
A6: Blue text = a setting copied from config.js (edit these to test ideas)
A7: Black text = a formula worked out from the settings
A8: Green text = pulled from another tab
A10: Tabs
A11: Settings – shared numbers (dig rate, battery, conveyor, caches, Flux)
A12: Caves – the three caves: ore and hard-rock chances, coin multiplier, relic, outpost, bridge and cache payouts
A13: Parts – every part, its cost and stats, and the total cost to max each slot
A14: Block coins – coins for digging each block in each cave, and coins per second with each arm tier
... A24: Ore prices are fixed per type in v0.8 (no depth bonus); the shop buys ore and materials from storage.

Sheet Settings
A1: Setting | B1: Value | C1: What it does (config.js name)
A2: Dig rate | B2: 4 | C2: Damage per second per point of dig power (DIG_RATE)
A3: Move cost | B3: 0.5 | C3: Battery per block travelled (BATTERY.move)
A4: Dig cost | B4: 1.2 | C4: Battery per block broken (BATTERY.dig)
A5: Charge rate | B5: 45 | C5: Battery per second at base or an outpost (CHARGE_RATE)
A6: Outpost depth (m) | B6: 25 | C6: Depth of each cave's outpost (CONVEYOR.step)
A7: Outpost base cost | B7: 80 | C7: Outpost cost in cave 1 (CONVEYOR.baseCost)
A8: Outpost cost growth | B8: 2.5 | C8: Each cave's outpost costs this many times the last (CONVEYOR.costGrowth)
A9: Cache coins min | B9: 60 | C9: Smallest cache coin payout before the cave multiplier (CACHE.coins[0])
A10: Cache coins max | B10: 160 | C10: Largest cache coin payout before the cave multiplier (CACHE.coins[1])
A11: Cache ore pieces | B11: 2 | C11: Pieces of the cave's best ore in each cache (CACHE.ores)
A12: Caches per cave | B12: 4 | C12: How many caches each cave hides (CACHE.perCave)
A13: Relic depth (m) | B13: 54 | C13: Depth of each cave's relic chamber (RELIC.row 57 − 3)
... A22: Upgrade to Lv 3 (Flux per cell) | B22: 75 | C22: Flux per cell of the mod's shape (COMPUTER.upgradeFlux[1])

Sheet Caves
A1: Cave | B1: Name | C1: Coin multiplier | D1: Ore 1 | E1: Ore 1 chance | F1: Ore 2 | G1: Ore 2 chance | H1: Granite chance | I1: Obsidian chance | J1: Unstable rock chance | K1: Chasms | L1: Pits | M1: Relic | N1: Relic reward | O1: Halfway outpost cost | P1: Bridge keys (= pads) | Q1: Cache coins (min) | R1: Cache coins (max) | S1: Relic needs
A2: 1 | B2: Topsoil Hollow | C2: 1 | D2: copper | E2: 0.06 | F2: silver | G2: 0.025 | H2: 0.04 | I2: 0 | J2: 0 | K2: 0 | L2: 0 | M2: Ember Idol | N2: 300 | O2: =ROUND(Settings!$B$7*Settings!$B$8^(A2-1),0) -> 80 | P2: 0 | Q2: =ROUND(Settings!$B$9*C2,0) -> 60 | R2: =ROUND(Settings!$B$10*C2,0) -> 160 | S2: Rock Claws (no seal)
A3: 2 | B3: Granite Rift | C3: 1.5 | D3: silver | E3: 0.05 | F3: gold | G3: 0.03 | H3: 0.1 | I3: 0.02 | J3: 0 | K3: 1 | L3: 0 | M3: Storm Lens | N3: 800 | O3: =ROUND(Settings!$B$7*Settings!$B$8^(A3-1),0) -> 200 | P3: 1 | Q3: =ROUND(Settings!$B$9*C3,0) -> 90 | R3: =ROUND(Settings!$B$10*C3,0) -> 240 | S3: Drill Arms (granite seal)
A4: 3 | B4: Basalt Deeps | C4: 2 | D4: gold | E4: 0.05 | F4: crystal | G4: 0.025 | H4: 0.06 | I4: 0.07 | J4: 0.08 | K4: 1 | L4: 3 | M4: Core Heart | N4: 2000 | O4: =ROUND(Settings!$B$7*Settings!$B$8^(A4-1),0) -> 500 | P4: 2 | Q4: =ROUND(Settings!$B$9*C4,0) -> 120 | R4: =ROUND(Settings!$B$10*C4,0) -> 320 | S4: Plasma Cutters (obsidian seal)
A5: 4 | B5: Scrap Tunnels (Rustvale) | C5: 2.2 | D5: silver | E5: 0.045 | F5: gold | G5: 0.02 | H5: 0.07 | I5: 0 | J5: 0.02 | K5: 1 | L5: 1 | M5: Brass Governor | N5: 2500 | O5: =ROUND(Settings!$B$7*Settings!$B$8^(A5-1),0) -> 1250 | P5: 1 | Q5: =ROUND(Settings!$B$9*C5,0) -> 132 | R5: =ROUND(Settings!$B$10*C5,0) -> 352 | S5: Drill Arms (granite seal)
A6: 5 | B6: Slag Works (Rustvale) | C6: 2.6 | D6: gold | E6: 0.045 | F6: crystal | G6: 0.015 | H6: 0.06 | I6: 0.05 | J6: 0.04 | K6: 1 | L6: 2 | M6: Slag Crown | N6: 4000 | O6: =ROUND(Settings!$B$7*Settings!$B$8^(A6-1),0) -> 3125 | P6: 1 | Q6: =ROUND(Settings!$B$9*C6,0) -> 156 | R6: =ROUND(Settings!$B$10*C6,0) -> 416 | S6: Plasma Cutters (obsidian seal)
A7: 6 | B7: The Crucible (Rustvale) | C7: 3 | D7: gold | E7: 0.05 | F7: crystal | G7: 0.035 | H7: 0.05 | I7: 0.09 | J7: 0.03 | K7: 2 | L7: 2 | M7: Foundry Heart | N7: 6000 | O7: =ROUND(Settings!$B$7*Settings!$B$8^(A7-1),0) -> 7813 | P7: 3 | Q7: =ROUND(Settings!$B$9*C7,0) -> 180 | R7: =ROUND(Settings!$B$10*C7,0) -> 480 | S7: Beat the Foundry Titan
A9: Rustvale extras: Cave 4 has scrap blocks (3.5%, 9 coins × multiplier) and 10 steam vents; Cave 5 has scrap (2%), 5 vents and 10 hidden lava pockets; Cave 6 has 4 vents, 8 lava pockets and two lava rivers (its chasms).
A10: Hard rock is rarer near the cave mouth: its chance scales from 40% of the listed value at the entrance to 140% at the relic.
A11: Each bridge pad needs one of that cave's bridge keys; one marked key cache per pad is hidden before the chasm. Cave 2 also has an old bridge; cave 3 does not.

Sheet Parts
A1: Slot | B1: Tier | C1: Part | D1: Cost (coins) | E1: Stat 1 | F1: Value | G1: Stat 2 | H1: Value | I1: Cumulative cost in slot
A2: Canopy | B2: 1 | C2: Glass Bubble | D2: 0 | E2: Light (blocks) | F2: 2.5 | G2: Scanner range (blocks) | H2: 0 | I2: =SUM(D2:D2) -> 0
A3: Canopy | B3: 2 | C3: Armored Visor | D3: 120 | E3: Light (blocks) | F3: 4 | G3: Scanner range (blocks) | H3: 3 | I3: =SUM(D2:D3) -> 120
A4: Canopy | B4: 3 | C4: Sensor Dome | D4: 1000 | E4: Light (blocks) | F4: 6 | G4: Scanner range (blocks) | H4: 6 | I4: =SUM(D2:D4) -> 1120
A5: Arms | B5: 1 | C5: Rock Claws | D5: 0 | E5: Dig power | F5: 1 | G5: Breaks | H5: soft rock | I5: =SUM(D5:D5) -> 0
A6: Arms | B6: 2 | C6: Drill Arms | D6: 60 | E6: Dig power | F6: 3 | G6: Breaks | H6: + granite | I6: =SUM(D5:D6) -> 60
A7: Arms | B7: 3 | C7: Plasma Cutters | D7: 900 | E7: Dig power | F7: 8 | G7: Breaks | H7: + obsidian | I7: =SUM(D5:D7) -> 960
A8: Tank | B8: 1 | C8: Small Tank | D8: 0 | E8: Battery | F8: 80 | G8: Cargo (ore) | H8: 8 | I8: =SUM(D8:D8) -> 0
A9: Tank | B9: 2 | C9: Twin Tanks | D9: 150 | E9: Battery | F9: 140 | G9: Cargo (ore) | H9: 16 | I9: =SUM(D8:D9) -> 150
A10: Tank | B10: 3 | C10: Reactor Tank | D10: 1400 | E10: Battery | F10: 240 | G10: Cargo (ore) | H10: 30 | I10: =SUM(D8:D10) -> 1550
A11: Legs | B11: 1 | C11: Piston Legs | D11: 0 | E11: Speed (blocks/s) | F11: 4 | G11: Move cost share | H11: 1 | I11: =SUM(D11:D11) -> 0
A12: Legs | B12: 2 | C12: Spring Struts | D12: 90 | E12: Speed (blocks/s) | F12: 5.5 | G12: Move cost share | H12: 0.8 | I12: =SUM(D11:D12) -> 90
A13: Legs | B13: 3 | C13: Hover Jets | D13: 1200 | E13: Speed (blocks/s) | F13: 7 | G13: Move cost share | H13: 0.55 | I13: =SUM(D11:D13) -> 1290
C15: Total to max every part | D15: =SUM(D2:D13) -> 4920

Sheet Block coins
A1: Block | B1: Coins (base) | C1: Cave 1 | D1: Cave 2 | E1: Cave 3 | F1: Toughness (hp)
A2: Dirt | B2: 1 | C2: =MAX(1,ROUND(B2*Caves!$C$2,0)) -> 1 | D2: =MAX(1,ROUND(B2*Caves!$C$3,0)) -> 2 | E2: =MAX(1,ROUND(B2*Caves!$C$4,0)) -> 2 | F2: 2
A3: Clay | B3: 2 | C3: =MAX(1,ROUND(B3*Caves!$C$2,0)) -> 2 | D3: =MAX(1,ROUND(B3*Caves!$C$3,0)) -> 3 | E3: =MAX(1,ROUND(B3*Caves!$C$4,0)) -> 4 | F3: 4
A4: Stone | B4: 2 | C4: =MAX(1,ROUND(B4*Caves!$C$2,0)) -> 2 | D4: =MAX(1,ROUND(B4*Caves!$C$3,0)) -> 3 | E4: =MAX(1,ROUND(B4*Caves!$C$4,0)) -> 4 | F4: 5
A5: Basalt | B5: 3 | C5: =MAX(1,ROUND(B5*Caves!$C$2,0)) -> 3 | D5: =MAX(1,ROUND(B5*Caves!$C$3,0)) -> 5 | E5: =MAX(1,ROUND(B5*Caves!$C$4,0)) -> 6 | F5: 9
A6: Granite | B6: 4 | C6: =MAX(1,ROUND(B6*Caves!$C$2,0)) -> 4 | D6: =MAX(1,ROUND(B6*Caves!$C$3,0)) -> 6 | E6: =MAX(1,ROUND(B6*Caves!$C$4,0)) -> 8 | F6: 10
A7: Obsidian | B7: 6 | C7: =MAX(1,ROUND(B7*Caves!$C$2,0)) -> 6 | D7: =MAX(1,ROUND(B7*Caves!$C$3,0)) -> 9 | E7: =MAX(1,ROUND(B7*Caves!$C$4,0)) -> 12 | F7: 16
A8: Unstable rock | B8: 2 | C8: =MAX(1,ROUND(B8*Caves!$C$2,0)) -> 2 | D8: =MAX(1,ROUND(B8*Caves!$C$3,0)) -> 3 | E8: =MAX(1,ROUND(B8*Caves!$C$4,0)) -> 4 | F8: 3
A9: Ore (plus the ore itself) | B9: 1 | C9: =MAX(1,ROUND(B9*Caves!$C$2,0)) -> 1 | D9: =MAX(1,ROUND(B9*Caves!$C$3,0)) -> 2 | E9: =MAX(1,ROUND(B9*Caves!$C$4,0)) -> 2 | F9: 5
A11: Coins per second while tunnelling through each cave's main rock (no walking time)
A12: Cave rock | B12: Coins per block | C12: Rock Claws | D12: Drill Arms | E12: Plasma Cutters
A13: Dirt / clay (cave 1) | B13: =C2 -> 1 | C13: =B13/(F2/(Settings!$B$2*Parts!$F$5)) -> 2 | D13: =B13/(F2/(Settings!$B$2*Parts!$F$6)) -> 6 | E13: =B13/(F2/(Settings!$B$2*Parts!$F$7)) -> 16
A14: Stone (cave 2) | B14: =D4 -> 3 | C14: =B14/(F4/(Settings!$B$2*Parts!$F$5)) -> 2.4 | D14: =B14/(F4/(Settings!$B$2*Parts!$F$6)) -> 7.2 | E14: =B14/(F4/(Settings!$B$2*Parts!$F$7)) -> 19.2
A15: Basalt (cave 3) | B15: =E5 -> 6 | C15: =B15/(F5/(Settings!$B$2*Parts!$F$5)) -> 2.6666667 | D15: =B15/(F5/(Settings!$B$2*Parts!$F$6)) -> 8 | E15: =B15/(F5/(Settings!$B$2*Parts!$F$7)) -> 21.333333
A17: The Prospector mod adds 10–30% to every block. Caches, relics and selling ore come on top.

Sheet Materials
A1: Ore | B1: Sells for
A2: Copper | B2: 9
A3: Silver | B3: 24
A4: Gold | B4: 68
A5: Crystal | B5: 165
A7: Material | B7: Copper | C7: Silver | D7: Gold | E7: Crystal | F7: Refine time (s) | G7: Sells for | H7: Ore value used | I7: Profit vs selling the ore
A8: Wire | B8: 2 | C8: 0 | D8: 0 | E8: 0 | F8: 2 | G8: 24 | H8: =B8*$B$2+C8*$B$3+D8*$B$4+E8*$B$5 -> 18 | I8: =G8-H8 -> 6
A9: Circuits | B9: 1 | C9: 2 | D9: 0 | E9: 0 | F9: 3 | G9: 75 | H9: =B9*$B$2+C9*$B$3+D9*$B$4+E9*$B$5 -> 57 | I9: =G9-H9 -> 18
A10: Conductors | B10: 0 | C10: 1 | D10: 2 | E10: 0 | F10: 4 | G10: 195 | H10: =B10*$B$2+C10*$B$3+D10*$B$4+E10*$B$5 -> 160 | I10: =G10-H10 -> 35
A11: Lenses | B11: 0 | C11: 0 | D11: 1 | E11: 2 | F11: 6 | G11: 480 | H11: =B11*$B$2+C11*$B$3+D11*$B$4+E11*$B$5 -> 398 | I11: =G11-H11 -> 82
A13: Refining is mostly for building mods; selling a material pays a little more than selling its ore. Refine times are short while testing.

Sheet Mods
A1: Mod | B1: Shape | C1: Cells | D1: Wire | E1: Circuits | F1: Conductors | G1: Lenses | H1: Coins | I1: Build cost in coins (materials at sell price) | J1: Flux to Lv 2 | K1: Flux to Lv 3 | L1: Minutes of Flux (1 bot) to max | M1: Lv 1 | N1: Lv 2 | O1: Lv 3 | P1: Fits the starting computer?
A2: Drill Chip | B2: ■ | C2: 1 | D2: 2 | E2: 0 | F2: 0 | G2: 0 | H2: 40 | I2: =H2+D2*Materials!$G$8+E2*Materials!$G$9+F2*Materials!$G$10+G2*Materials!$G$11 -> 88 | J2: =C2*Settings!$B$21 -> 25 | K2: =C2*Settings!$B$22 -> 75 | L2: =(J2+K2)/Settings!$B$19 -> 10 | M2: 0.1 | N2: 0.15 | O2: 0.2 | P2: Yes
A3: Power Saver | B3: ■ | C3: 1 | D3: 3 | E3: 0 | F3: 0 | G3: 0 | H3: 60 | I3: =H3+D3*Materials!$G$8+E3*Materials!$G$9+F3*Materials!$G$10+G3*Materials!$G$11 -> 132 | J3: =C3*Settings!$B$21 -> 25 | K3: =C3*Settings!$B$22 -> 75 | L3: =(J3+K3)/Settings!$B$19 -> 10 | M3: 0.15 | N3: 0.22 | O3: 0.3 | P3: Yes
A4: Prospector | B4: ■ | C4: 1 | D4: 2 | E4: 1 | F4: 0 | G4: 0 | H4: 80 | I4: =H4+D4*Materials!$G$8+E4*Materials!$G$9+F4*Materials!$G$10+G4*Materials!$G$11 -> 203 | J4: =C4*Settings!$B$21 -> 25 | K4: =C4*Settings!$B$22 -> 75 | L4: =(J4+K4)/Settings!$B$19 -> 10 | M4: 0.1 | N4: 0.2 | O4: 0.3 | P4: Yes
A5: Lamp Chip | B5: ■ | C5: 1 | D5: 0 | E5: 0 | F5: 0 | G5: 1 | H5: 150 | I5: =H5+D5*Materials!$G$8+E5*Materials!$G$9+F5*Materials!$G$10+G5*Materials!$G$11 -> 630 | J5: =C5*Settings!$B$21 -> 25 | K5: =C5*Settings!$B$22 -> 75 | L5: =(J5+K5)/Settings!$B$19 -> 10 | M5: 1 | N5: 1.5 | O5: 2 | P5: Yes
A6: Hardrock Driver | B6: ■■ | C6: 2 | D6: 0 | E6: 2 | F6: 0 | G6: 0 | H6: 150 | I6: =H6+D6*Materials!$G$8+E6*Materials!$G$9+F6*Materials!$G$10+G6*Materials!$G$11 -> 300 | J6: =C6*Settings!$B$21 -> 50 | K6: =C6*Settings!$B$22 -> 150 | L6: =(J6+K6)/Settings!$B$19 -> 20 | M6: 0.3 | N6: 0.45 | O6: 0.6 | P6: Yes (fills the passive row)
A7: Sorter | B7: ■■ | C7: 2 | D7: 0 | E7: 3 | F7: 0 | G7: 0 | H7: 200 | I7: =H7+D7*Materials!$G$8+E7*Materials!$G$9+F7*Materials!$G$10+G7*Materials!$G$11 -> 425 | J7: =C7*Settings!$B$21 -> 50 | K7: =C7*Settings!$B$22 -> 150 | L7: =(J7+K7)/Settings!$B$19 -> 20 | M7: 0.15 | N7: 0.22 | O7: 0.3 | P7: Yes (fills the passive row)
A8: Coolant Loop | B8: ■ / ■ (tall) | C8: 2 | D8: 0 | E8: 0 | F8: 2 | G8: 0 | H8: 250 | I8: =H8+D8*Materials!$G$8+E8*Materials!$G$9+F8*Materials!$G$10+G8*Materials!$G$11 -> 640 | J8: =C8*Settings!$B$21 -> 50 | K8: =C8*Settings!$B$22 -> 150 | L8: =(J8+K8)/Settings!$B$19 -> 20 | M8: 0.2 | N8: 0.3 | O8: 0.4 | P8: No (needs an expansion)
A9: Ore Sense | B9: L | C9: 3 | D9: 0 | E9: 0 | F9: 2 | G9: 1 | H9: 400 | I9: =H9+D9*Materials!$G$8+E9*Materials!$G$9+F9*Materials!$G$10+G9*Materials!$G$11 -> 1270 | J9: =C9*Settings!$B$21 -> 75 | K9: =C9*Settings!$B$22 -> 225 | L9: =(J9+K9)/Settings!$B$19 -> 30 | M9: 3 | N9: 4 | O9: 5 | P9: No (needs an expansion)
A10: Overclock | B10: T | C10: 4 | D10: 0 | E10: 0 | F10: 2 | G10: 2 | H10: 600 | I10: =H10+D10*Materials!$G$8+E10*Materials!$G$9+F10*Materials!$G$10+G10*Materials!$G$11 -> 1950 | J10: =C10*Settings!$B$21 -> 100 | K10: =C10*Settings!$B$22 -> 300 | L10: =(J10+K10)/Settings!$B$19 -> 40 | M10: 0.25 | N10: 0.35 | O10: 0.45 | P10: No (needs an expansion)
A12: Starting computer: 2×2. The top row (2 cells) is passive; the bottom row is for active skills and opens after Town 1. Shapes are fixed (no rotating).
A13: Lamp Chip and Ore Sense levels are in blocks; the rest are percentages.

Sheet Dig times
A1: Block | B1: Toughness (hp) | C1: Needs arms tier | D1: Rock Claws (s) | E1: Drill Arms (s) | F1: Plasma Cutters (s)
A2: Dirt | B2: 2 | C2: 1 | D2: =IF($C2>1,"—",$B2/(Settings!$B$2*Parts!$F$5)) -> 0.5 | E2: =IF($C2>2,"—",$B2/(Settings!$B$2*Parts!$F$6)) -> 0.16666667 | F2: =IF($C2>3,"—",$B2/(Settings!$B$2*Parts!$F$7)) -> 0.0625
A3: Clay | B3: 4 | C3: 1 | D3: =IF($C3>1,"—",$B3/(Settings!$B$2*Parts!$F$5)) -> 1 | E3: =IF($C3>2,"—",$B3/(Settings!$B$2*Parts!$F$6)) -> 0.33333333 | F3: =IF($C3>3,"—",$B3/(Settings!$B$2*Parts!$F$7)) -> 0.125
A4: Stone | B4: 5 | C4: 1 | D4: =IF($C4>1,"—",$B4/(Settings!$B$2*Parts!$F$5)) -> 1.25 | E4: =IF($C4>2,"—",$B4/(Settings!$B$2*Parts!$F$6)) -> 0.41666667 | F4: =IF($C4>3,"—",$B4/(Settings!$B$2*Parts!$F$7)) -> 0.15625
A5: Basalt | B5: 9 | C5: 1 | D5: =IF($C5>1,"—",$B5/(Settings!$B$2*Parts!$F$5)) -> 2.25 | E5: =IF($C5>2,"—",$B5/(Settings!$B$2*Parts!$F$6)) -> 0.75 | F5: =IF($C5>3,"—",$B5/(Settings!$B$2*Parts!$F$7)) -> 0.28125
A6: Unstable rock | B6: 3 | C6: 1 | D6: =IF($C6>1,"—",$B6/(Settings!$B$2*Parts!$F$5)) -> 0.75 | E6: =IF($C6>2,"—",$B6/(Settings!$B$2*Parts!$F$6)) -> 0.25 | F6: =IF($C6>3,"—",$B6/(Settings!$B$2*Parts!$F$7)) -> 0.09375
A7: Rubble | B7: 1 | C7: 1 | D7: =IF($C7>1,"—",$B7/(Settings!$B$2*Parts!$F$5)) -> 0.25 | E7: =IF($C7>2,"—",$B7/(Settings!$B$2*Parts!$F$6)) -> 0.083333333 | F7: =IF($C7>3,"—",$B7/(Settings!$B$2*Parts!$F$7)) -> 0.03125
A8: Copper | B8: 3 | C8: 1 | D8: =IF($C8>1,"—",$B8/(Settings!$B$2*Parts!$F$5)) -> 0.75 | E8: =IF($C8>2,"—",$B8/(Settings!$B$2*Parts!$F$6)) -> 0.25 | F8: =IF($C8>3,"—",$B8/(Settings!$B$2*Parts!$F$7)) -> 0.09375
A9: Silver | B9: 5 | C9: 1 | D9: =IF($C9>1,"—",$B9/(Settings!$B$2*Parts!$F$5)) -> 1.25 | E9: =IF($C9>2,"—",$B9/(Settings!$B$2*Parts!$F$6)) -> 0.41666667 | F9: =IF($C9>3,"—",$B9/(Settings!$B$2*Parts!$F$7)) -> 0.15625
A10: Gold | B10: 8 | C10: 1 | D10: =IF($C10>1,"—",$B10/(Settings!$B$2*Parts!$F$5)) -> 2 | E10: =IF($C10>2,"—",$B10/(Settings!$B$2*Parts!$F$6)) -> 0.66666667 | F10: =IF($C10>3,"—",$B10/(Settings!$B$2*Parts!$F$7)) -> 0.25
A11: Crystal | B11: 11 | C11: 1 | D11: =IF($C11>1,"—",$B11/(Settings!$B$2*Parts!$F$5)) -> 2.75 | E11: =IF($C11>2,"—",$B11/(Settings!$B$2*Parts!$F$6)) -> 0.91666667 | F11: =IF($C11>3,"—",$B11/(Settings!$B$2*Parts!$F$7)) -> 0.34375
A12: Treasure cache | B12: 4 | C12: 1 | D12: =IF($C12>1,"—",$B12/(Settings!$B$2*Parts!$F$5)) -> 1 | E12: =IF($C12>2,"—",$B12/(Settings!$B$2*Parts!$F$6)) -> 0.33333333 | F12: =IF($C12>3,"—",$B12/(Settings!$B$2*Parts!$F$7)) -> 0.125
A13: Granite | B13: 10 | C13: 2 | D13: =IF($C13>1,"—",$B13/(Settings!$B$2*Parts!$F$5)) -> — | E13: =IF($C13>2,"—",$B13/(Settings!$B$2*Parts!$F$6)) -> 0.83333333 | F13: =IF($C13>3,"—",$B13/(Settings!$B$2*Parts!$F$7)) -> 0.3125
... A15: Relic | B15: 40 | C15: 1 | D15: =IF($C15>1,"—",$B15/(Settings!$B$2*Parts!$F$5)) -> 10 | E15: =IF($C15>2,"—",$B15/(Settings!$B$2*Parts!$F$6)) -> 3.3333333 | F15: =IF($C15>3,"—",$B15/(Settings!$B$2*Parts!$F$7)) -> 1.25
A17: Without mods (Drill Chip and Overclock add dig speed; Hardrock Driver speeds up granite and obsidian). Relics in caves 2 and 3 are sealed in granite / obsidian, so you need that tier to reach them.

Sheet Battery
A1: Tank | B1: Battery | C1: Legs | D1: Move cost share | E1: Blocks you can walk | F1: Blocks of new tunnel | G1: Round trip depth (tunnel out, walk back)
A2: Small Tank | B2: =Parts!$F$8 -> 80 | C2: Piston Legs | D2: =Parts!$H$11 -> 1 | E2: =B2/(Settings!$B$3*D2) -> 160 | F2: =B2/(Settings!$B$3*D2+Settings!$B$4) -> 47.058824 | G2: =B2/(2*Settings!$B$3*D2+Settings!$B$4) -> 36.363636
A3: Small Tank | B3: =Parts!$F$8 -> 80 | C3: Spring Struts | D3: =Parts!$H$12 -> 0.8 | E3: =B3/(Settings!$B$3*D3) -> 200 | F3: =B3/(Settings!$B$3*D3+Settings!$B$4) -> 50 | G3: =B3/(2*Settings!$B$3*D3+Settings!$B$4) -> 40
A4: Small Tank | B4: =Parts!$F$8 -> 80 | C4: Hover Jets | D4: =Parts!$H$13 -> 0.55 | E4: =B4/(Settings!$B$3*D4) -> 290.90909 | F4: =B4/(Settings!$B$3*D4+Settings!$B$4) -> 54.237288 | G4: =B4/(2*Settings!$B$3*D4+Settings!$B$4) -> 45.714286
A5: Twin Tanks | B5: =Parts!$F$9 -> 140 | C5: Piston Legs | D5: =Parts!$H$11 -> 1 | E5: =B5/(Settings!$B$3*D5) -> 280 | F5: =B5/(Settings!$B$3*D5+Settings!$B$4) -> 82.352941 | G5: =B5/(2*Settings!$B$3*D5+Settings!$B$4) -> 63.636364
A6: Twin Tanks | B6: =Parts!$F$9 -> 140 | C6: Spring Struts | D6: =Parts!$H$12 -> 0.8 | E6: =B6/(Settings!$B$3*D6) -> 350 | F6: =B6/(Settings!$B$3*D6+Settings!$B$4) -> 87.5 | G6: =B6/(2*Settings!$B$3*D6+Settings!$B$4) -> 70
A7: Twin Tanks | B7: =Parts!$F$9 -> 140 | C7: Hover Jets | D7: =Parts!$H$13 -> 0.55 | E7: =B7/(Settings!$B$3*D7) -> 509.09091 | F7: =B7/(Settings!$B$3*D7+Settings!$B$4) -> 94.915254 | G7: =B7/(2*Settings!$B$3*D7+Settings!$B$4) -> 80
A8: Reactor Tank | B8: =Parts!$F$10 -> 240 | C8: Piston Legs | D8: =Parts!$H$11 -> 1 | E8: =B8/(Settings!$B$3*D8) -> 480 | F8: =B8/(Settings!$B$3*D8+Settings!$B$4) -> 141.17647 | G8: =B8/(2*Settings!$B$3*D8+Settings!$B$4) -> 109.09091
A9: Reactor Tank | B9: =Parts!$F$10 -> 240 | C9: Spring Struts | D9: =Parts!$H$12 -> 0.8 | E9: =B9/(Settings!$B$3*D9) -> 600 | F9: =B9/(Settings!$B$3*D9+Settings!$B$4) -> 150 | G9: =B9/(2*Settings!$B$3*D9+Settings!$B$4) -> 120
A10: Reactor Tank | B10: =Parts!$F$10 -> 240 | C10: Hover Jets | D10: =Parts!$H$13 -> 0.55 | E10: =B10/(Settings!$B$3*D10) -> 872.72727 | F10: =B10/(Settings!$B$3*D10+Settings!$B$4) -> 162.71186 | G10: =B10/(2*Settings!$B$3*D10+Settings!$B$4) -> 137.14286
A12: Straight-line estimates: no detours or cave-ins, walking back the way you came. Riding the conveyor is free. Compare with the outpost at 25 m and the relic at 54 m.

Sheet Progress
A1: Step | B1: Spend (coins) | C1: Earn (coins) | D1: Running total | E1: Note
A2: Cave 1: Drill Arms | B2: =Parts!D6 -> 60 | D2: =SUM($C$2:C2)-SUM($B$2:B2) -> -60 | E2: Cheap, and needed for granite
A3: Cave 1: halfway outpost | B3: =Caves!O2 -> 80 | D3: =SUM($C$2:C3)-SUM($B$2:B3) -> -140 | E3: The entrance outpost is free
A4: Cave 1: Ember Idol | C4: =Caves!N2 -> 300 | D4: =SUM($C$2:C4)-SUM($B$2:B4) -> 160 | E4: Unlocks cave 2
A5: Cave 2: Armored Visor | B5: =Parts!D3 -> 120 | D5: =SUM($C$2:C5)-SUM($B$2:B5) -> 40 | E5: Scanner finds caches
A6: Cave 2: Twin Tanks | B6: =Parts!D9 -> 150 | D6: =SUM($C$2:C6)-SUM($B$2:B6) -> -110 | E6: Room for the longer trip
A7: Cave 2: halfway outpost | B7: =Caves!O3 -> 200 | D7: =SUM($C$2:C7)-SUM($B$2:B7) -> -310
A8: Cave 2: Storm Lens | C8: =Caves!N3 -> 800 | D8: =SUM($C$2:C8)-SUM($B$2:B8) -> 490 | E8: Unlocks cave 3
A9: Cave 3: Plasma Cutters | B9: =Parts!D7 -> 900 | D9: =SUM($C$2:C9)-SUM($B$2:B9) -> -410 | E9: Needed for the obsidian seal
A10: Cave 3: halfway outpost | B10: =Caves!O4 -> 500 | D10: =SUM($C$2:C10)-SUM($B$2:B10) -> -910
A11: Cave 3: Core Heart | C11: =Caves!N4 -> 2000 | D11: =SUM($C$2:C11)-SUM($B$2:B11) -> 1090 | E11: End of v0.8
A13: Relic rewards only. A negative running total is what you need to earn from block coins, caches and selling ore before that step (see Block coins). Mods are extra.

Sheet Tools & skills
A1: Tool | B1: Key | C1: Price (coins) | D1: Max per slot | E1: Full slot costs | F1: What it does
A2: Blast charge | B2: 1 | C2: 40 | D2: 3 | E2: =C2*D2 -> 120 | F2: Breaks a 3×3 area, even hard rock (you collect what breaks)
A3: Support beam | B3: 2 | C3: 15 | D3: 5 | E3: =C3*D3 -> 75 | F3: Stops sand and boulders; keeps unstable rock within 1 block still
A4: Flare | B4: 3 | C4: 10 | D4: 5 | E4: =C4*D4 -> 50 | F4: Lights a 7-block radius for 30 s
A5: Grapple | B5: 4 | C5: 60 | D5: 2 | E5: =C5*D5 -> 120 | F5: Swings across up to 3 blocks of chasm
A7: Tank | B7: Belt slots
A8: Small Tank | B8: =$B$12+0 -> 3
A9: Twin Tanks | B9: =$B$12+1 -> 4
A10: Reactor Tank | B10: =$B$12+2 -> 5
A12: Base belt slots | B12: 3
A13: Each tool type takes one slot. Pip buys tools back at full price.
A15: Skill | B15: Cells | C15: Wire | D15: Circuits | E15: Conductors | F15: Lenses | G15: Coins | H15: Battery per use | I15: Recharge Lv 1 (s) | J15: Lv 2 (s) | K15: Lv 3 (s) | L15: Uses per minute at Lv 3
A16: Dash | B16: 1 | C16: 3 | D16: 1 | E16: 0 | F16: 0 | G16: 150 | H16: 3 | I16: 8 | J16: 6 | K16: 4 | L16: =60/K16 -> 15
A17: Drill Burst | B17: 1 | C17: 0 | D17: 2 | E17: 1 | F17: 0 | G17: 250 | H17: 5 | I17: 20 | J17: 16 | K17: 12 | L17: =60/K17 -> 5
A18: Scan Pulse | B18: 1 | C18: 0 | D18: 2 | E18: 0 | F18: 1 | G18: 250 | H18: 0 | I18: 15 | J18: 12 | K18: 9 | L18: =60/K18 -> 6.6666667
A19: Shield | B19: 2 | C19: 0 | D19: 0 | E19: 2 | F19: 1 | G19: 400 | H19: 0 | I19: 30 | J19: 25 | K19: 20 | L19: =60/K19 -> 3
A21: Skills go in the computer's bottom row (opens with the Core Heart), one at a time. The nano-bot recharges them; upgrades use Flux like other mods.

Sheet Hazards
A1: Hazard | B1: Cave | C1: Battery lost | D1: Ore lost | E1: Timing | F1: Notes
A2: Cave-in (unstable rock) | B2: 3 | C2: 0.25 | D2: 0.3 | E2: 0.4 s shake | F2: Sets off unstable rock within 2.2 blocks
A3: Sand slide | B3: 1 | C3: 0.05 | D3: 0 | E3: 0.3 s per block | F3: Slides toward the entrance into open space
A4: Rolling boulder | B4: 2 | C4: 0.15 | D4: 0.1 | E4: 0.6 s rumble, then 0.14 s per block | F4: Push one by walking into it for 0.3 s
A5: Gas explosion | B5: 3 | C5: 0.3 | D5: 0.3 | E5: 0.9 s fuse | F5: Hits within 1.8 blocks; clears a 3×3 area
A6: Flood water | B6: 2 | C6: 1.2 per second | D6: 0 | E6: 0.2 s per block, 10 blocks a pocket | F6: Wading runs at 55% speed
A8: A Shield blocks the whole hit. Every cave slopes toward its entrance, so sand and boulders move that way.

Sheet Weapons
A1: Weapon | B1: Class | C1: Price | D1: Damage (Mk I) | E1: Cooldown (s) | F1: DPS Mk I | G1: DPS Mk II | H1: DPS Mk III | I1: Block hit share | J1: Block damage / s | K1: Breaks up to | L1: Notes
A2: Wrench | B2: Melee | C2: 0 | D2: 3 | E2: 0.45 | F2: =D2*$C$9/(E2*$C$10) -> 6.6666667 | G2: =D2*$D$9/(E2*$D$10) -> 11.111111 | H2: =D2*$E$9/(E2*$E$10) -> 18.333333 | I2: 0.5 | J2: =F2*I2 -> 3.3333333 | K2: soft rock | L2: Free starter
A3: Rock Hammer | B3: Melee | C3: 180 | D3: 8 | E3: 0.7 | F3: =D3*$C$9/(E3*$C$10) -> 11.428571 | G3: =D3*$D$9/(E3*$D$10) -> 19.047619 | H3: =D3*$E$9/(E3*$E$10) -> 31.428571 | I3: 0.9 | J3: =F3*I3 -> 10.285714 | K3: granite | L3: Cracks armour
A4: Rivet Gun | B4: Ranged | C4: 220 | D4: 3 | E4: 0.3 | F4: =D4*$C$9/(E4*$C$10) -> 10 | G4: =D4*$D$9/(E4*$D$10) -> 16.666667 | H4: =D4*$E$9/(E4*$E$10) -> 27.5 | I4: 0.25 | J4: =F4*I4 -> 2.5 | K4: soft rock | L4: Range 7
A5: Gravity Bulwark | B5: Defensive | C5: 260 | D5: 2 | E5: 1.6 | F5: =D5*$C$9/(E5*$C$10) -> 1.25 | G5: =D5*$D$9/(E5*$D$10) -> 2.0833333 | H5: =D5*$E$9/(E5*$E$10) -> 3.4375 | I5: 0.2 | J5: =F5*I5 -> 0.25 | K5: soft rock | L5: Pull + 0.9 s stun, halves frontal damage
A6: Stun Pulse | B6: Support | C6: 300 | D6: 1 | E6: 2.5 | F6: =D6*$C$9/(E6*$C$10) -> 0.4 | G6: =D6*$D$9/(E6*$D$10) -> 0.66666667 | H6: =D6*$E$9/(E6*$E$10) -> 1.1 | I6: 0 | J6: =F6*I6 -> 0 | K6: - | L6: 1.5 s stun, marks for 4 s (+50% damage, no armour)
A9: Mk multipliers | B9: Damage | C9: 1 | D9: 1.5 | E9: 2.2
B10: Cooldown | C10: 1 | D10: 0.9 | E10: 0.8
A12: Dig arms for comparison: Rock Claws 4, Drill Arms 12, Plasma Cutters 32 block damage a second (plus the cone: 40% to the sides, 30% behind).

Sheet Enemies
A1: Enemy | B1: Where | C1: HP | D1: Damage to hull | E1: Speed | F1: Armour | G1: Coins | H1: Wrench Mk I (s) | I1: Hammer Mk I (s) | J1: Rivet Mk I (s)
A2: Grub | B2: Hollowmouth | C2: 10 | D2: 6 | E2: 1.2 | F2: 0 | G2: 3 | H2: =C2/(Weapons!$F$2*(1-F2)) -> 1.5 | I2: =C2/Weapons!$F$3 -> 0.875 | J2: =C2/(Weapons!$F$4*(1-F2)) -> 1
A3: Cave Bat | B3: Hollowmouth | C3: 5 | D3: 4 | E3: 3.6 | F3: 0 | G3: 2 | H3: =C3/(Weapons!$F$2*(1-F3)) -> 0.75 | I3: =C3/Weapons!$F$3 -> 0.4375 | J3: =C3/(Weapons!$F$4*(1-F3)) -> 0.5
A4: Spitter | B4: Hollowmouth (caves 2–3) | C4: 14 | D4: 8 | E4: 0 | F4: 0 | G4: 6 | H4: =C4/(Weapons!$F$2*(1-F4)) -> 2.1 | I4: =C4/Weapons!$F$3 -> 1.225 | J4: =C4/(Weapons!$F$4*(1-F4)) -> 1.4
A5: Rock Crab | B5: Rustvale | C5: 22 | D5: 10 | E5: 1.6 | F5: 0.7 | G5: 8 | H5: =C5/(Weapons!$F$2*(1-F5)) -> 11 | I5: =C5/Weapons!$F$3 -> 1.925 | J5: =C5/(Weapons!$F$4*(1-F5)) -> 7.3333333
A6: Magma Mite | B6: Rustvale (groups of 4) | C6: 3 | D6: 3 | E6: 3 | F6: 0 | G6: 1 | H6: =C6/(Weapons!$F$2*(1-F6)) -> 0.45 | I6: =C6/Weapons!$F$3 -> 0.2625 | J6: =C6/(Weapons!$F$4*(1-F6)) -> 0.3
A7: Grub Mother | B7: Cave 1 mini-boss | C7: 70 | D7: 7 | E7: 0.8 | F7: 0 | G7: 150 | H7: =C7/(Weapons!$F$2*(1-F7)) -> 10.5 | I7: =C7/Weapons!$F$3 -> 6.125 | J7: =C7/(Weapons!$F$4*(1-F7)) -> 7
A8: Crystal Warden | B8: Cave 2 mini-boss | C8: 160 | D8: 15 | E8: 1.4 | F8: 0.5 | G8: 300 | H8: =C8/(Weapons!$F$2*(1-F8)) -> 48 | I8: =C8/Weapons!$F$3 -> 14 | J8: =C8/(Weapons!$F$4*(1-F8)) -> 32
A9: Basalt Golem | B9: Cave 3 boss (drops the Core Heart) | C9: 450 | D9: 18 | E9: 1 | F9: 0 | G9: 500 | H9: =C9/(Weapons!$F$2*(1-F9)) -> 67.5 | I9: =C9/Weapons!$F$3 -> 39.375 | J9: =C9/(Weapons!$F$4*(1-F9)) -> 45
A10: Scrap Hauler | B10: Cave 4 mini-boss (charges, crashes) | C10: 220 | D10: 16 | E10: 1.2 | F10: 0.4 | G10: 400 | H10: =C10/(Weapons!$F$2*(1-F10)) -> 55 | I10: =C10/Weapons!$F$3 -> 19.25 | J10: =C10/(Weapons!$F$4*(1-F10)) -> 36.666667
A11: Slag Golem | B11: Cave 5 mini-boss (slam, mites) | C11: 300 | D11: 18 | E11: 0.9 | F11: 0 | G11: 500 | H11: =C11/(Weapons!$F$2*(1-F11)) -> 45 | I11: =C11/Weapons!$F$3 -> 26.25 | J11: =C11/(Weapons!$F$4*(1-F11)) -> 30
A12: Foundry Titan | B12: Cave 6 boss (slag volleys, slam; drops the Foundry Heart) | C12: 800 | D12: 22 | E12: 0.8 | F12: 0 | G12: 1000 | H12: =C12/(Weapons!$F$2*(1-F12)) -> 120 | I12: =C12/Weapons!$F$3 -> 70 | J12: =C12/(Weapons!$F$4*(1-F12)) -> 80
A14: Seconds of non-stop hitting. Armour is ignored by the Rock Hammer and by marked or stunned enemies. Hull: 60 / 100 / 160 by Tank tier; it repairs at outposts.

Sheet Flux upgrades
A1: Upgrade | B1: Per level | C1: Max level | D1: At max | E1: Base value | F1: Total at max | G1: Notes
A2: Magnet (blocks) | B2: 0.7 | C2: 5 | D2: =B2*C2 -> 3.5 | E2: 1.5 | F2: =E2+D2 -> 5 | G2: Pickup range; pull speed +25% a level
A3: Hull plating (hull) | B3: 15 | C3: 5 | D3: =B3*C3 -> 75 | E3: 60 | F3: =E3+D3 -> 135 | G3: Base = Small Tank hull
A4: Damage mitigation | B4: 0.06 | C4: 5 | D4: =B4*C4 -> 0.3 | E4: 0 | F4: =E4+D4 -> 0.3 | G4: Fraction of each hit removed
A5: Field repair (hull/s) | B5: 0.5 | C5: 5 | D5: =B5*C5 -> 2.5 | E5: 0 | F5: =E5+D5 -> 2.5 | G5: Only in the caves
A6: Weapon power | B6: 0.1 | C6: 5 | D6: =B6*C6 -> 0.5 | E6: 0 | F6: =E6+D6 -> 0.5 | G6: Multiplies every weapon
A7: Prospector's luck | B7: 0.08 | C7: 5 | D7: =B7*C7 -> 0.4 | E7: 0 | F7: =E7+D7 -> 0.4 | G7: Chance of +1 ore piece per ore block
A8: Scanner range (blocks) | B8: 1 | C8: 5 | D8: =B8*C8 -> 5 | E8: 0 | F8: =E8+D8 -> 5 | G8: Added to the canopy scanner (Glass Bubble has 0)
A9: Level | B9: Flux cost | C9: Total Flux | D9: Hours of 1 bot (10/min)
A10: 1 | B10: 30 | C10: =SUM($B$10:B10) -> 30 | D10: =C10/600 -> 0.05
A11: 2 | B11: 60 | C11: =SUM($B$10:B11) -> 90 | D11: =C11/600 -> 0.15
A12: 3 | B12: 120 | C12: =SUM($B$10:B12) -> 210 | D12: =C12/600 -> 0.35
A13: 4 | B13: 240 | C13: =SUM($B$10:B13) -> 450 | D13: =C13/600 -> 0.75
A14: 5 | B14: 400 | C14: =SUM($B$10:B14) -> 850 | D14: =C14/600 -> 1.4166667
A16: Maxing all seven upgrades | C16: =C14*7 -> 5950 | D16: =C16/600 -> 9.9166667
A18: Ore drops: each ore block holds 1–4 pieces (average 2.5). Pieces stay on the floor until you leave the cave.

Sheet Contracts
A1: Contract | B1: Size · tier 0 | C1: Tier 1 | D1: Tier 2 | E1: Tier 3 | F1: Coins (tier 0) | G1: Flux | H1: Coins tier 1 | I1: Coins tier 2 | J1: Coins tier 3
A2: Dig blocks | B2: 40 | C2: 70 | D2: 100 | E2: 140 | F2: 60 | G2: 10 | H2: =ROUND(F2*$B$15^1,0) -> 132 | I2: =ROUND(F2*$B$15^2,0) -> 290 | J2: =ROUND(F2*$B$15^3,0) -> 639
A3: Collect one kind of ore | B3: 8 | C3: 10 | D3: 12 | E3: 14 | F3: 80 | G3: 10 | H3: =ROUND(F3*$B$15^1,0) -> 176 | I3: =ROUND(F3*$B$15^2,0) -> 387 | J3: =ROUND(F3*$B$15^3,0) -> 852
A4: Defeat enemies | B4: 6 | C4: 10 | D4: 14 | E4: 18 | F4: 70 | G4: 15 | H4: =ROUND(F4*$B$15^1,0) -> 154 | I4: =ROUND(F4*$B$15^2,0) -> 339 | J4: =ROUND(F4*$B$15^3,0) -> 745
A5: Defeat one kind of enemy | B5: 4 | C5: 6 | D5: 8 | E5: 10 | F5: 70 | G5: 15 | H5: =ROUND(F5*$B$15^1,0) -> 154 | I5: =ROUND(F5*$B$15^2,0) -> 339 | J5: =ROUND(F5*$B$15^3,0) -> 745
A6: Send ore home | B6: 15 | C6: 25 | D6: 35 | E6: 50 | F6: 90 | G6: 10 | H6: =ROUND(F6*$B$15^1,0) -> 198 | I6: =ROUND(F6*$B$15^2,0) -> 436 | J6: =ROUND(F6*$B$15^3,0) -> 958
A7: Refine materials | B7: 2 | C7: 3 | D7: 4 | E7: 5 | F7: 80 | G7: 15 | H7: =ROUND(F7*$B$15^1,0) -> 176 | I7: =ROUND(F7*$B$15^2,0) -> 387 | J7: =ROUND(F7*$B$15^3,0) -> 852
A8: Earn coins selling | B8: 150 | C8: 400 | D8: 800 | E8: 1500 | F8: 60 | G8: 10 | H8: =ROUND(F8*$B$15^1,0) -> 132 | I8: =ROUND(F8*$B$15^2,0) -> 290 | J8: =ROUND(F8*$B$15^3,0) -> 639
A9: Open caches | B9: 1 | C9: 1 | D9: 2 | E9: 2 | F9: 100 | G9: 20 | H9: =ROUND(F9*$B$15^1,0) -> 220 | I9: =ROUND(F9*$B$15^2,0) -> 484 | J9: =ROUND(F9*$B$15^3,0) -> 1065
A10: Reach a depth (m) | B10: 20 | C10: 30 | D10: 40 | E10: 50 | F10: 80 | G10: 15 | H10: =ROUND(F10*$B$15^1,0) -> 176 | I10: =ROUND(F10*$B$15^2,0) -> 387 | J10: =ROUND(F10*$B$15^3,0) -> 852
A11: Use tools | B11: 2 | C11: 3 | D11: 4 | E11: 5 | F11: 70 | G11: 10 | H11: =ROUND(F11*$B$15^1,0) -> 154 | I11: =ROUND(F11*$B$15^2,0) -> 339 | J11: =ROUND(F11*$B$15^3,0) -> 745
A12: Daily bonus (all three) | F12: 150 | G12: 40 | H12: =ROUND(F12*$B$15^1,0) -> 330 | I12: =ROUND(F12*$B$15^2,0) -> 726 | J12: =ROUND(F12*$B$15^3,0) -> 1597
A15: Coin growth per tier | B15: 2.2
A16: Three contracts are picked at random each day (same three all day, new ones at midnight). Tier: 0 = start, 1 = Ember Idol home, 2 = Storm Lens home, 3 = Core Heart home (Rustvale).
